,nnzs_1,true_1,nnzs_2,true_2,nnzs_3,true_3,,,,,,,,,,
0,0,0,0,0,36,0,,,,,,,,,,
1,1,1,9356,1,7888,1,,,,,,,,,,
2,1,1,5294,1,718,1,,,,,,ACC,SEN,SPE,PPV,NPV
3,0,0,0,0,0,0,,,,,Model 1,88.30%,87.38%,88.98%,85.58%,90.40%
4,1,1,7398,1,8661,1,,,,,Model 2,92.80%,92.05%,93.35%,91.20%,94.01%
5,1,1,5745,1,7824,1,,,,,Model 3,89.50%,89.01%,89.86%,86.78%,91.62%
6,0,0,0,0,0,0,,,,,,,,,,
7,0,0,0,0,0,0,,,,,,,,,,
8,0,0,0,0,106,0,,,,,,,,,,
9,0,0,0,0,0,0,,,,,,,,,,
10,1,1,1767,1,3074,1,,,,,,,,,,
11,0,0,0,0,0,0,,,,,,,,,,
12,0,0,0,0,0,0,,,,,,,,,,
13,1,1,918,1,516,1,,,,,,,,,,
14,1,1,7746,1,5242,1,,,,,,,,,,
15,0,0,0,0,0,0,,,,,,,,,,
16,0,0,0,0,0,0,,,,,,,,,,
17,1,1,7251,1,7882,1,,,,,,,,,,
18,0,0,0,0,0,0,,,,,,,,,,
19,1,1,4111,1,3889,1,,,,,,,,,,
20,1,1,3845,1,5868,1,,,,,,,,,,
21,0,0,0,0,0,0,,,,,,,,,,
22,0,0,0,0,0,0,,,,,,,,,,
23,0,1,0,1,0,1,,,,,,,,,,
24,1,1,6088,1,6999,1,,,,,,,,,,
25,0,0,0,0,0,0,,,,,,,,,,
26,0,0,0,0,0,0,,,,,,,,,,
27,0,0,0,0,0,0,,,,,,,,,,
28,0,1,218,1,213,1,,,,,,,,,,
29,0,0,0,0,0,0,,,,,,,,,,
30,1,1,2936,1,3754,1,,,,,,,,,,
31,0,0,0,0,0,0,,,,,,,,,,
32,1,1,5427,1,5287,1,,,,,,,,,,
33,0,0,0,0,0,0,,,,,,,,,,
34,1,1,8434,1,7297,1,,,,,,,,,,
35,0,0,0,0,0,0,,,,,,,,,,
36,1,1,2032,1,2213,1,,,,,,,,,,
37,0,0,0,0,0,0,,,,,,,,,,
38,1,1,6318,1,3450,1,,,,,,,,,,
39,0,0,0,0,0,0,,,,,,,,,,
40,1,1,2421,1,2146,1,,,,,,,,,,
41,1,1,39,1,131,1,,,,,,,,,,
42,1,1,8622,1,7341,1,,,,,,,,,,
43,1,1,1031,1,6143,1,,,,,,,,,,
44,0,0,0,0,0,0,,,,,,,,,,
45,0,0,173,0,9,0,,,,,,,,,,
46,1,1,10864,1,9227,1,,,,,,,,,,
47,0,1,20,1,31,1,,,,,,,,,,
48,0,0,0,0,0,0,,,,,,,,,,
49,0,0,0,0,0,0,,,,,,,,,,
50,0,0,0,0,0,0,,,,,,,,,,
51,1,1,7440,1,6082,1,,,,,,,,,,
52,1,0,0,0,445,0,,,,,,,,,,
53,1,1,2128,1,2825,1,,,,,,,,,,
54,1,1,13,1,513,1,,,,,,,,,,
55,0,0,0,0,0,0,,,,,,,,,,
56,1,1,8377,1,8943,1,,,,,,,,,,
57,1,1,2486,1,1081,1,,,,,,,,,,
58,1,1,4705,1,1742,1,,,,,,,,,,
59,0,1,24,1,0,1,,,,,,,,,,
60,0,0,291,0,21,0,,,,,,,,,,
61,0,0,0,0,0,0,,,,,,,,,,
62,1,1,5000,1,5217,1,,,,,,,,,,
63,0,0,0,0,0,0,,,,,,,,,,
64,1,1,2645,1,3725,1,,,,,,,,,,
65,1,1,3744,1,121,1,,,,,,,,,,
66,0,0,0,0,0,0,,,,,,,,,,
67,1,1,6574,1,1607,1,,,,,,,,,,
68,0,0,0,0,0,0,,,,,,,,,,
69,1,0,2849,0,4018,0,,,,,,,,,,
70,0,0,0,0,0,0,,,,,,,,,,
71,1,1,7431,1,8790,1,,,,,,,,,,
72,0,0,0,0,0,0,,,,,,,,,,
73,1,1,1908,1,2444,1,,,,,,,,,,
74,0,0,0,0,0,0,,,,,,,,,,
75,0,0,0,0,0,0,,,,,,,,,,
76,0,0,0,0,0,0,,,,,,,,,,
77,1,1,7938,1,6309,1,,,,,,,,,,
78,1,1,7673,1,6048,1,,,,,,,,,,
79,0,0,0,0,0,0,,,,,,,,,,
80,0,0,0,0,74,0,,,,,,,,,,
81,0,0,0,0,0,0,,,,,,,,,,
82,1,1,7485,1,4066,1,,,,,,,,,,
83,1,1,5714,1,6178,1,,,,,,,,,,
84,0,0,0,0,0,0,,,,,,,,,,
85,1,0,201,0,568,0,,,,,,,,,,
86,1,1,4964,1,5864,1,,,,,,,,,,
87,1,1,11,1,4,1,,,,,,,,,,
88,1,1,541,1,19,1,,,,,,,,,,
89,0,0,0,0,0,0,,,,,,,,,,
90,0,0,0,0,0,0,,,,,,,,,,
91,0,0,0,0,0,0,,,,,,,,,,
92,0,0,0,0,0,0,,,,,,,,,,
93,0,1,824,1,251,1,,,,,,,,,,
94,0,1,4253,1,1474,1,,,,,,,,,,
95,0,0,0,0,0,0,,,,,,,,,,
96,1,1,6239,1,3435,1,,,,,,,,,,
97,1,1,1698,1,8670,1,,,,,,,,,,
98,1,0,4277,0,2123,0,,,,,,,,,,
99,1,1,0,1,0,1,,,,,,,,,,
100,0,0,0,0,0,0,,,,,,,,,,
101,1,1,7205,1,4599,1,,,,,,,,,,
102,1,1,6666,1,8014,1,,,,,,,,,,
103,0,0,0,0,0,0,,,,,,,,,,
104,0,0,0,0,0,0,,,,,,,,,,
105,1,1,3159,1,4958,1,,,,,,,,,,
106,0,0,0,0,0,0,,,,,,,,,,
107,1,1,1640,1,1326,1,,,,,,,,,,
108,0,0,377,0,211,0,,,,,,,,,,
109,0,0,0,0,0,0,,,,,,,,,,
110,0,0,0,0,0,0,,,,,,,,,,
111,1,1,760,1,616,1,,,,,,,,,,
112,1,0,5110,0,7551,0,,,,,,,,,,
113,0,0,0,0,0,0,,,,,,,,,,
114,0,0,0,0,0,0,,,,,,,,,,
115,0,0,0,0,0,0,,,,,,,,,,
116,0,1,0,1,0,1,,,,,,,,,,
117,1,1,3694,1,3942,1,,,,,,,,,,
118,1,1,2796,1,8132,1,,,,,,,,,,
119,1,1,4533,1,6011,1,,,,,,,,,,
120,0,0,0,0,0,0,,,,,,,,,,
121,1,1,4016,1,5561,1,,,,,,,,,,
122,0,0,0,0,0,0,,,,,,,,,,
123,0,0,0,0,0,0,,,,,,,,,,
124,1,1,914,1,222,1,,,,,,,,,,
125,1,1,4159,1,3537,1,,,,,,,,,,
126,1,1,4,1,510,1,,,,,,,,,,
127,0,0,0,0,0,0,,,,,,,,,,
128,0,0,0,0,0,0,,,,,,,,,,
129,1,1,4578,1,1368,1,,,,,,,,,,
130,0,1,0,1,3,1,,,,,,,,,,
131,1,1,3323,1,4626,1,,,,,,,,,,
132,1,0,0,0,1,0,,,,,,,,,,
133,0,0,0,0,0,0,,,,,,,,,,
134,1,1,1628,1,2260,1,,,,,,,,,,
135,0,0,0,0,0,0,,,,,,,,,,
136,0,0,0,0,0,0,,,,,,,,,,
137,1,1,2979,1,2795,1,,,,,,,,,,
138,0,0,0,0,7,0,,,,,,,,,,
139,1,1,6558,1,7419,1,,,,,,,,,,
140,0,0,0,0,0,0,,,,,,,,,,
141,1,1,8694,1,8402,1,,,,,,,,,,
142,0,0,0,0,0,0,,,,,,,,,,
143,1,0,0,0,808,0,,,,,,,,,,
144,1,0,0,0,244,0,,,,,,,,,,
145,0,0,10,0,30,0,,,,,,,,,,
146,0,0,0,0,0,0,,,,,,,,,,
147,1,1,3804,1,4112,1,,,,,,,,,,
148,1,0,1579,0,2078,0,,,,,,,,,,
149,1,1,6931,1,523,1,,,,,,,,,,
150,1,1,3705,1,5390,1,,,,,,,,,,
151,0,0,0,0,0,0,,,,,,,,,,
152,0,0,0,0,0,0,,,,,,,,,,
153,1,1,9904,1,7660,1,,,,,,,,,,
154,1,1,15780,1,13215,1,,,,,,,,,,
155,0,1,2735,1,3,1,,,,,,,,,,
156,0,0,0,0,0,0,,,,,,,,,,
157,1,1,14795,1,14012,1,,,,,,,,,,
158,0,0,0,0,0,0,,,,,,,,,,
159,0,0,0,0,29,0,,,,,,,,,,
160,0,0,0,0,0,0,,,,,,,,,,
161,1,1,5064,1,6394,1,,,,,,,,,,
162,1,1,7465,1,4538,1,,,,,,,,,,
163,1,1,21296,1,16332,1,,,,,,,,,,
164,0,0,0,0,0,0,,,,,,,,,,
165,1,1,4694,1,4714,1,,,,,,,,,,
166,1,1,9641,1,8280,1,,,,,,,,,,
167,1,1,5599,1,4435,1,,,,,,,,,,
168,0,1,744,1,118,1,,,,,,,,,,
169,1,1,4642,1,4871,1,,,,,,,,,,
170,0,0,0,0,0,0,,,,,,,,,,
171,1,1,8971,1,7004,1,,,,,,,,,,
172,1,1,9581,1,8648,1,,,,,,,,,,
173,0,0,0,0,0,0,,,,,,,,,,
174,0,1,20,1,0,1,,,,,,,,,,
175,0,1,939,1,935,1,,,,,,,,,,
176,1,1,11020,1,13392,1,,,,,,,,,,
177,0,0,0,0,0,0,,,,,,,,,,
178,1,1,7161,1,8595,1,,,,,,,,,,
179,1,1,4968,1,2060,1,,,,,,,,,,
180,0,0,0,0,0,0,,,,,,,,,,
181,1,1,10415,1,11776,1,,,,,,,,,,
182,0,0,0,0,0,0,,,,,,,,,,
183,0,0,0,0,18,0,,,,,,,,,,
184,1,1,9771,1,7189,1,,,,,,,,,,
185,0,1,400,1,0,1,,,,,,,,,,
186,1,1,7497,1,8527,1,,,,,,,,,,
187,0,0,0,0,0,0,,,,,,,,,,
188,0,0,0,0,0,0,,,,,,,,,,
189,1,1,5158,1,6003,1,,,,,,,,,,
190,0,0,0,0,0,0,,,,,,,,,,
191,0,1,583,1,0,1,,,,,,,,,,
192,0,0,0,0,0,0,,,,,,,,,,
193,0,0,0,0,179,0,,,,,,,,,,
194,0,0,0,0,0,0,,,,,,,,,,
195,1,1,4433,1,5407,1,,,,,,,,,,
196,1,1,5458,1,5453,1,,,,,,,,,,
197,0,0,0,0,0,0,,,,,,,,,,
198,1,1,20466,1,16414,1,,,,,,,,,,
199,1,1,3130,1,4703,1,,,,,,,,,,
200,0,0,0,0,0,0,,,,,,,,,,
201,1,0,2166,0,1388,0,,,,,,,,,,
202,1,1,9957,1,9512,1,,,,,,,,,,
203,0,0,0,0,0,0,,,,,,,,,,
204,1,1,6882,1,5000,1,,,,,,,,,,
205,0,0,0,0,0,0,,,,,,,,,,
206,0,1,150,1,628,1,,,,,,,,,,
207,1,1,4556,1,4845,1,,,,,,,,,,
208,1,1,1003,1,2110,1,,,,,,,,,,
209,1,1,11759,1,10530,1,,,,,,,,,,
210,1,1,8381,1,8550,1,,,,,,,,,,
211,0,0,0,0,0,0,,,,,,,,,,
212,0,1,1451,1,278,1,,,,,,,,,,
213,1,1,2429,1,3206,1,,,,,,,,,,
214,1,1,6500,1,8745,1,,,,,,,,,,
215,1,1,9054,1,10592,1,,,,,,,,,,
216,1,1,11010,1,4252,1,,,,,,,,,,
217,1,1,3097,1,2309,1,,,,,,,,,,
218,0,0,0,0,0,0,,,,,,,,,,
219,1,1,7280,1,1581,1,,,,,,,,,,
220,0,0,0,0,0,0,,,,,,,,,,
221,1,1,8036,1,5770,1,,,,,,,,,,
222,0,0,0,0,0,0,,,,,,,,,,
223,1,1,5149,1,4160,1,,,,,,,,,,
224,0,0,0,0,0,0,,,,,,,,,,
225,1,1,4113,1,3540,1,,,,,,,,,,
226,0,0,0,0,0,0,,,,,,,,,,
227,1,1,4697,1,6465,1,,,,,,,,,,
228,1,1,13075,1,10724,1,,,,,,,,,,
229,0,0,0,0,0,0,,,,,,,,,,
230,1,1,9005,1,9262,1,,,,,,,,,,
231,0,0,0,0,0,0,,,,,,,,,,
232,0,0,0,0,14,0,,,,,,,,,,
233,0,0,0,0,0,0,,,,,,,,,,
234,0,0,6,0,0,0,,,,,,,,,,
235,1,1,11336,1,10418,1,,,,,,,,,,
236,1,1,7384,1,9907,1,,,,,,,,,,
237,1,1,7078,1,7098,1,,,,,,,,,,
238,0,0,0,0,0,0,,,,,,,,,,
239,0,0,0,0,0,0,,,,,,,,,,
240,0,0,0,0,0,0,,,,,,,,,,
241,1,1,5452,1,5151,1,,,,,,,,,,
242,1,1,7069,1,7703,1,,,,,,,,,,
243,0,0,0,0,0,0,,,,,,,,,,
244,1,1,1515,1,986,1,,,,,,,,,,
245,1,1,13488,1,7058,1,,,,,,,,,,
246,0,0,0,0,0,0,,,,,,,,,,
247,0,0,0,0,0,0,,,,,,,,,,
248,0,0,0,0,0,0,,,,,,,,,,
249,0,0,0,0,0,0,,,,,,,,,,
250,0,0,0,0,0,0,,,,,,,,,,
251,0,0,0,0,23,0,,,,,,,,,,
252,0,0,0,0,0,0,,,,,,,,,,
253,0,0,0,0,0,0,,,,,,,,,,
254,1,0,1994,0,3191,0,,,,,,,,,,
255,0,0,0,0,0,0,,,,,,,,,,
256,0,0,0,0,0,0,,,,,,,,,,
257,0,0,0,0,0,0,,,,,,,,,,
258,1,1,8658,1,3446,1,,,,,,,,,,
259,0,0,0,0,0,0,,,,,,,,,,
260,0,0,0,0,0,0,,,,,,,,,,
261,0,0,0,0,0,0,,,,,,,,,,
262,1,1,9698,1,11484,1,,,,,,,,,,
263,0,0,0,0,0,0,,,,,,,,,,
264,0,1,0,1,0,1,,,,,,,,,,
265,0,0,0,0,0,0,,,,,,,,,,
266,0,0,0,0,0,0,,,,,,,,,,
267,1,1,13745,1,10725,1,,,,,,,,,,
268,1,1,12348,1,4948,1,,,,,,,,,,
269,0,0,0,0,0,0,,,,,,,,,,
270,0,0,0,0,0,0,,,,,,,,,,
271,0,0,0,0,0,0,,,,,,,,,,
272,0,0,0,0,0,0,,,,,,,,,,
273,0,0,0,0,0,0,,,,,,,,,,
274,0,0,0,0,0,0,,,,,,,,,,
275,1,1,12151,1,12592,1,,,,,,,,,,
276,0,0,0,0,0,0,,,,,,,,,,
277,0,0,0,0,0,0,,,,,,,,,,
278,0,0,0,0,0,0,,,,,,,,,,
279,0,0,0,0,0,0,,,,,,,,,,
280,1,1,8798,1,8340,1,,,,,,,,,,
281,0,0,0,0,0,0,,,,,,,,,,
282,1,1,1939,1,1879,1,,,,,,,,,,
283,1,1,8253,1,2626,1,,,,,,,,,,
284,1,1,7292,1,6633,1,,,,,,,,,,
285,1,1,10148,1,11411,1,,,,,,,,,,
286,0,0,0,0,0,0,,,,,,,,,,
287,1,1,7489,1,8208,1,,,,,,,,,,
288,1,1,3302,1,3234,1,,,,,,,,,,
289,0,0,0,0,0,0,,,,,,,,,,
290,1,1,6371,1,4421,1,,,,,,,,,,
291,0,0,0,0,0,0,,,,,,,,,,
292,1,1,4521,1,5441,1,,,,,,,,,,
293,1,1,557,1,185,1,,,,,,,,,,
294,0,0,0,0,0,0,,,,,,,,,,
295,1,1,12485,1,10849,1,,,,,,,,,,
296,1,1,6015,1,7781,1,,,,,,,,,,
297,1,1,5902,1,5033,1,,,,,,,,,,
298,0,0,0,0,0,0,,,,,,,,,,
299,1,1,4564,1,4809,1,,,,,,,,,,
300,1,1,3271,1,2879,1,,,,,,,,,,
301,0,0,0,0,0,0,,,,,,,,,,
302,0,0,0,0,0,0,,,,,,,,,,
303,0,0,0,0,0,0,,,,,,,,,,
304,0,0,0,0,0,0,,,,,,,,,,
305,0,0,0,0,1,0,,,,,,,,,,
306,0,0,0,0,0,0,,,,,,,,,,
307,1,1,12530,1,11394,1,,,,,,,,,,
308,0,0,0,0,0,0,,,,,,,,,,
309,0,0,0,0,0,0,,,,,,,,,,
310,0,0,0,0,0,0,,,,,,,,,,
311,0,0,0,0,0,0,,,,,,,,,,
312,1,1,8035,1,9539,1,,,,,,,,,,
313,1,1,7754,1,7512,1,,,,,,,,,,
314,1,1,8509,1,2776,1,,,,,,,,,,
315,0,0,0,0,0,0,,,,,,,,,,
316,1,1,11529,1,9783,1,,,,,,,,,,
317,0,0,0,0,0,0,,,,,,,,,,
318,1,1,5282,1,5039,1,,,,,,,,,,
319,1,1,7616,1,5486,1,,,,,,,,,,
320,0,0,0,0,0,0,,,,,,,,,,
321,1,1,2476,1,1731,1,,,,,,,,,,
322,1,0,4088,0,5572,0,,,,,,,,,,
323,1,1,6964,1,7067,1,,,,,,,,,,
324,1,1,8601,1,3623,1,,,,,,,,,,
325,1,1,10499,1,10938,1,,,,,,,,,,
326,1,1,8227,1,6716,1,,,,,,,,,,
327,1,0,0,0,28,0,,,,,,,,,,
328,0,0,0,0,0,0,,,,,,,,,,
329,1,0,1375,0,371,0,,,,,,,,,,
330,0,0,0,0,0,0,,,,,,,,,,
331,1,1,3180,1,1417,1,,,,,,,,,,
332,1,1,11563,1,9740,1,,,,,,,,,,
333,0,1,0,1,0,1,,,,,,,,,,
334,1,0,277,0,86,0,,,,,,,,,,
335,0,0,0,0,0,0,,,,,,,,,,
336,1,1,2159,1,2403,1,,,,,,,,,,
337,1,1,1269,1,1386,1,,,,,,,,,,
338,0,0,0,0,0,0,,,,,,,,,,
339,0,1,0,1,0,1,,,,,,,,,,
340,0,0,0,0,0,0,,,,,,,,,,
341,1,0,0,0,1878,0,,,,,,,,,,
342,1,1,6562,1,9364,1,,,,,,,,,,
343,0,0,0,0,0,0,,,,,,,,,,
344,0,0,0,0,0,0,,,,,,,,,,
345,1,0,51,0,89,0,,,,,,,,,,
346,1,1,6569,1,6381,1,,,,,,,,,,
347,0,0,0,0,0,0,,,,,,,,,,
348,1,1,6268,1,7063,1,,,,,,,,,,
349,0,0,41,0,0,0,,,,,,,,,,
350,0,0,0,0,0,0,,,,,,,,,,
351,0,0,0,0,0,0,,,,,,,,,,
352,0,1,0,1,0,1,,,,,,,,,,
353,1,0,0,0,3039,0,,,,,,,,,,
354,1,1,6151,1,6969,1,,,,,,,,,,
355,1,1,6100,1,5849,1,,,,,,,,,,
356,0,0,0,0,1,0,,,,,,,,,,
357,0,0,0,0,0,0,,,,,,,,,,
358,0,0,0,0,0,0,,,,,,,,,,
359,0,0,0,0,0,0,,,,,,,,,,
360,0,0,0,0,0,0,,,,,,,,,,
361,1,1,4893,1,5755,1,,,,,,,,,,
362,1,1,7530,1,8672,1,,,,,,,,,,
363,0,0,0,0,0,0,,,,,,,,,,
364,0,0,0,0,0,0,,,,,,,,,,
365,1,1,11729,1,10702,1,,,,,,,,,,
366,0,0,0,0,0,0,,,,,,,,,,
367,1,1,8909,1,8632,1,,,,,,,,,,
368,1,0,1771,0,169,0,,,,,,,,,,
369,0,0,0,0,0,0,,,,,,,,,,
370,0,1,2595,1,1922,1,,,,,,,,,,
371,1,1,0,1,46,1,,,,,,,,,,
372,1,1,11016,1,6016,1,,,,,,,,,,
373,1,1,8153,1,5452,1,,,,,,,,,,
374,0,0,0,0,0,0,,,,,,,,,,
375,0,0,0,0,0,0,,,,,,,,,,
376,1,1,429,1,5,1,,,,,,,,,,
377,0,0,0,0,0,0,,,,,,,,,,
378,1,1,1347,1,1315,1,,,,,,,,,,
379,0,0,0,0,0,0,,,,,,,,,,
380,0,0,0,0,0,0,,,,,,,,,,
381,0,0,0,0,0,0,,,,,,,,,,
382,1,1,7548,1,7531,1,,,,,,,,,,
383,1,1,7002,1,6855,1,,,,,,,,,,
384,0,0,0,0,0,0,,,,,,,,,,
385,0,0,0,0,0,0,,,,,,,,,,
386,0,1,3165,1,698,1,,,,,,,,,,
387,0,0,0,0,0,0,,,,,,,,,,
388,0,0,0,0,0,0,,,,,,,,,,
389,1,1,11096,1,10046,1,,,,,,,,,,
390,0,0,0,0,0,0,,,,,,,,,,
391,1,1,4565,1,630,1,,,,,,,,,,
392,1,1,1550,1,1542,1,,,,,,,,,,
393,0,0,0,0,0,0,,,,,,,,,,
394,0,0,0,0,0,0,,,,,,,,,,
395,0,1,0,1,0,1,,,,,,,,,,
396,0,0,0,0,0,0,,,,,,,,,,
397,0,0,0,0,0,0,,,,,,,,,,
398,1,1,5571,1,5746,1,,,,,,,,,,
399,0,0,0,0,492,0,,,,,,,,,,
400,0,0,0,0,0,0,,,,,,,,,,
401,1,1,5294,1,6647,1,,,,,,,,,,
402,0,0,0,0,0,0,,,,,,,,,,
403,0,0,0,0,0,0,,,,,,,,,,
404,0,0,0,0,0,0,,,,,,,,,,
405,1,1,7525,1,8607,1,,,,,,,,,,
406,1,1,6503,1,5169,1,,,,,,,,,,
407,0,0,0,0,0,0,,,,,,,,,,
408,1,0,298,0,959,0,,,,,,,,,,
409,0,0,0,0,0,0,,,,,,,,,,
410,0,0,0,0,0,0,,,,,,,,,,
411,1,1,4466,1,3520,1,,,,,,,,,,
412,0,0,0,0,0,0,,,,,,,,,,
413,1,0,0,0,0,0,,,,,,,,,,
414,0,1,0,1,0,1,,,,,,,,,,
415,1,1,6710,1,6977,1,,,,,,,,,,
416,1,1,3415,1,2097,1,,,,,,,,,,
417,1,1,11212,1,10080,1,,,,,,,,,,
418,0,0,0,0,0,0,,,,,,,,,,
419,0,0,0,0,0,0,,,,,,,,,,
420,0,1,287,1,195,1,,,,,,,,,,
421,0,0,0,0,0,0,,,,,,,,,,
422,0,0,0,0,0,0,,,,,,,,,,
423,1,1,3919,1,4367,1,,,,,,,,,,
424,1,1,3800,1,1419,1,,,,,,,,,,
425,0,1,46,1,7,1,,,,,,,,,,
426,0,0,0,0,0,0,,,,,,,,,,
427,1,0,43,0,16,0,,,,,,,,,,
428,0,0,0,0,0,0,,,,,,,,,,
429,1,1,4581,1,6346,1,,,,,,,,,,
430,1,1,5002,1,1744,1,,,,,,,,,,
431,0,0,0,0,0,0,,,,,,,,,,
432,0,0,0,0,0,0,,,,,,,,,,
433,1,1,2389,1,2625,1,,,,,,,,,,
434,1,1,4598,1,3669,1,,,,,,,,,,
435,1,1,3631,1,3938,1,,,,,,,,,,
436,0,0,9,0,65,0,,,,,,,,,,
437,0,0,0,0,0,0,,,,,,,,,,
438,0,0,0,0,0,0,,,,,,,,,,
439,0,0,0,0,0,0,,,,,,,,,,
440,0,0,0,0,666,0,,,,,,,,,,
441,0,0,0,0,52,0,,,,,,,,,,
442,1,1,7665,1,7307,1,,,,,,,,,,
443,0,0,0,0,47,0,,,,,,,,,,
444,0,0,0,0,0,0,,,,,,,,,,
445,1,1,4630,1,736,1,,,,,,,,,,
446,0,0,0,0,0,0,,,,,,,,,,
447,1,1,5018,1,8812,1,,,,,,,,,,
448,0,0,971,0,697,0,,,,,,,,,,
449,0,0,0,0,0,0,,,,,,,,,,
450,0,0,0,0,0,0,,,,,,,,,,
451,0,0,0,0,3,0,,,,,,,,,,
452,0,0,0,0,0,0,,,,,,,,,,
453,0,0,0,0,0,0,,,,,,,,,,
454,0,0,0,0,0,0,,,,,,,,,,
455,0,0,0,0,0,0,,,,,,,,,,
456,1,0,168,0,609,0,,,,,,,,,,
457,0,0,0,0,125,0,,,,,,,,,,
458,1,1,7005,1,7491,1,,,,,,,,,,
459,0,0,0,0,0,0,,,,,,,,,,
460,1,1,5708,1,6712,1,,,,,,,,,,
461,0,0,0,0,0,0,,,,,,,,,,
462,0,0,0,0,3,0,,,,,,,,,,
463,0,0,0,0,0,0,,,,,,,,,,
464,1,1,5685,1,7644,1,,,,,,,,,,
465,1,0,0,0,257,0,,,,,,,,,,
466,0,0,0,0,0,0,,,,,,,,,,
467,0,0,0,0,0,0,,,,,,,,,,
468,0,0,0,0,0,0,,,,,,,,,,
469,0,0,0,0,0,0,,,,,,,,,,
470,0,0,0,0,0,0,,,,,,,,,,
471,1,1,1925,1,840,1,,,,,,,,,,
472,0,0,0,0,0,0,,,,,,,,,,
473,0,0,0,0,0,0,,,,,,,,,,
474,0,0,0,0,0,0,,,,,,,,,,
475,0,0,0,0,0,0,,,,,,,,,,
476,1,1,5214,1,5860,1,,,,,,,,,,
477,0,0,0,0,0,0,,,,,,,,,,
478,1,1,3461,1,3836,1,,,,,,,,,,
479,0,0,0,0,0,0,,,,,,,,,,
480,1,0,1214,0,1047,0,,,,,,,,,,
481,0,0,0,0,0,0,,,,,,,,,,
482,0,0,0,0,0,0,,,,,,,,,,
483,0,1,0,1,0,1,,,,,,,,,,
484,1,1,4275,1,2918,1,,,,,,,,,,
485,0,0,0,0,1,0,,,,,,,,,,
486,0,0,0,0,0,0,,,,,,,,,,
487,0,0,0,0,0,0,,,,,,,,,,
488,0,0,0,0,0,0,,,,,,,,,,
489,0,1,2026,1,0,1,,,,,,,,,,
490,0,0,6,0,0,0,,,,,,,,,,
491,1,1,3289,1,13,1,,,,,,,,,,
492,1,1,8285,1,7903,1,,,,,,,,,,
493,1,0,6,0,530,0,,,,,,,,,,
494,0,0,0,0,0,0,,,,,,,,,,
495,0,0,0,0,0,0,,,,,,,,,,
496,0,0,0,0,0,0,,,,,,,,,,
497,0,0,0,0,0,0,,,,,,,,,,
498,1,1,5417,1,2740,1,,,,,,,,,,
499,0,0,0,0,0,0,,,,,,,,,,
500,0,1,20,1,0,1,,,,,,,,,,
501,1,1,2350,1,1168,1,,,,,,,,,,
502,0,1,6103,1,2553,1,,,,,,,,,,
503,0,0,0,0,0,0,,,,,,,,,,
504,0,0,0,0,0,0,,,,,,,,,,
505,0,0,0,0,0,0,,,,,,,,,,
506,1,1,2848,1,4407,1,,,,,,,,,,
507,0,0,0,0,0,0,,,,,,,,,,
508,0,0,0,0,13,0,,,,,,,,,,
509,0,0,0,0,0,0,,,,,,,,,,
510,1,1,6139,1,6577,1,,,,,,,,,,
511,0,0,0,0,0,0,,,,,,,,,,
512,1,1,12312,1,7335,1,,,,,,,,,,
513,0,0,0,0,0,0,,,,,,,,,,
514,0,0,0,0,0,0,,,,,,,,,,
515,0,0,0,0,0,0,,,,,,,,,,
516,0,0,0,0,0,0,,,,,,,,,,
517,0,0,0,0,0,0,,,,,,,,,,
518,1,0,0,0,0,0,,,,,,,,,,
519,0,0,0,0,0,0,,,,,,,,,,
520,1,1,2107,1,74,1,,,,,,,,,,
521,0,0,0,0,0,0,,,,,,,,,,
522,0,0,0,0,0,0,,,,,,,,,,
523,0,0,0,0,0,0,,,,,,,,,,
524,0,0,0,0,0,0,,,,,,,,,,
525,0,1,56,1,56,1,,,,,,,,,,
526,0,0,0,0,0,0,,,,,,,,,,
527,1,1,1593,1,1,1,,,,,,,,,,
528,0,0,0,0,0,0,,,,,,,,,,
529,0,0,0,0,0,0,,,,,,,,,,
530,1,1,3586,1,1581,1,,,,,,,,,,
531,0,1,3208,1,424,1,,,,,,,,,,
532,0,0,0,0,0,0,,,,,,,,,,
533,0,0,0,0,0,0,,,,,,,,,,
534,1,1,12006,1,10599,1,,,,,,,,,,
535,0,0,0,0,0,0,,,,,,,,,,
536,1,1,9531,1,8922,1,,,,,,,,,,
537,0,0,0,0,0,0,,,,,,,,,,
538,0,0,0,0,0,0,,,,,,,,,,
539,1,0,0,0,3,0,,,,,,,,,,
540,1,1,9805,1,6719,1,,,,,,,,,,
541,1,1,6934,1,2561,1,,,,,,,,,,
542,0,0,0,0,34,0,,,,,,,,,,
543,1,1,5879,1,1464,1,,,,,,,,,,
544,1,1,14687,1,11363,1,,,,,,,,,,
545,0,0,0,0,0,0,,,,,,,,,,
546,0,0,0,0,0,0,,,,,,,,,,
547,0,0,52,0,0,0,,,,,,,,,,
548,1,1,5790,1,6835,1,,,,,,,,,,
549,1,1,3274,1,4395,1,,,,,,,,,,
550,1,1,6651,1,5096,1,,,,,,,,,,
551,0,0,0,0,0,0,,,,,,,,,,
552,1,1,1165,1,685,1,,,,,,,,,,
553,0,0,0,0,0,0,,,,,,,,,,
554,0,0,0,0,0,0,,,,,,,,,,
555,0,0,0,0,0,0,,,,,,,,,,
556,1,1,8100,1,7578,1,,,,,,,,,,
557,0,1,343,1,399,1,,,,,,,,,,
558,1,1,32,1,257,1,,,,,,,,,,
559,1,1,5778,1,5302,1,,,,,,,,,,
560,1,0,0,0,0,0,,,,,,,,,,
561,1,0,45,0,40,0,,,,,,,,,,
562,0,0,0,0,12,0,,,,,,,,,,
563,1,1,0,1,439,1,,,,,,,,,,
564,0,1,21,1,0,1,,,,,,,,,,
565,0,0,0,0,0,0,,,,,,,,,,
566,1,1,1476,1,726,1,,,,,,,,,,
567,0,0,0,0,0,0,,,,,,,,,,
568,0,0,0,0,0,0,,,,,,,,,,
569,1,1,4244,1,1090,1,,,,,,,,,,
570,1,1,5177,1,6480,1,,,,,,,,,,
571,1,1,2325,1,1694,1,,,,,,,,,,
572,1,1,4524,1,5239,1,,,,,,,,,,
573,0,0,0,0,0,0,,,,,,,,,,
574,0,0,0,0,0,0,,,,,,,,,,
575,1,1,693,1,287,1,,,,,,,,,,
576,1,1,6900,1,7569,1,,,,,,,,,,
577,0,0,0,0,0,0,,,,,,,,,,
578,1,1,4531,1,448,1,,,,,,,,,,
579,1,1,3753,1,2128,1,,,,,,,,,,
580,1,1,4100,1,1858,1,,,,,,,,,,
581,0,0,0,0,0,0,,,,,,,,,,
582,0,0,0,0,0,0,,,,,,,,,,
583,0,0,0,0,0,0,,,,,,,,,,
584,1,1,2841,1,74,1,,,,,,,,,,
585,1,1,5180,1,906,1,,,,,,,,,,
586,1,1,5936,1,7221,1,,,,,,,,,,
587,1,1,3451,1,2905,1,,,,,,,,,,
588,0,0,0,0,0,0,,,,,,,,,,
589,0,0,0,0,0,0,,,,,,,,,,
590,1,1,2889,1,5128,1,,,,,,,,,,
591,1,1,1091,1,171,1,,,,,,,,,,
592,0,0,0,0,0,0,,,,,,,,,,
593,1,1,10695,1,9357,1,,,,,,,,,,
594,1,0,995,0,2979,0,,,,,,,,,,
595,1,1,3370,1,2463,1,,,,,,,,,,
596,1,1,3482,1,83,1,,,,,,,,,,
597,0,0,0,0,0,0,,,,,,,,,,
598,1,1,8133,1,9334,1,,,,,,,,,,
599,0,1,3434,1,4531,1,,,,,,,,,,
600,1,1,4226,1,5409,1,,,,,,,,,,
601,1,1,5773,1,5721,1,,,,,,,,,,
602,1,1,3906,1,3262,1,,,,,,,,,,
603,0,0,0,0,0,0,,,,,,,,,,
604,0,0,0,0,35,0,,,,,,,,,,
605,0,0,0,0,0,0,,,,,,,,,,
606,0,0,0,0,31,0,,,,,,,,,,
607,1,1,6498,1,7104,1,,,,,,,,,,
608,0,0,0,0,0,0,,,,,,,,,,
609,0,0,0,0,0,0,,,,,,,,,,
610,1,1,4726,1,5850,1,,,,,,,,,,
611,0,0,0,0,0,0,,,,,,,,,,
612,0,0,0,0,0,0,,,,,,,,,,
613,0,0,0,0,0,0,,,,,,,,,,
614,1,1,4479,1,3459,1,,,,,,,,,,
615,0,0,0,0,0,0,,,,,,,,,,
616,0,0,0,0,0,0,,,,,,,,,,
617,1,1,5771,1,6455,1,,,,,,,,,,
618,1,1,7116,1,5383,1,,,,,,,,,,
619,1,1,5857,1,6610,1,,,,,,,,,,
620,0,0,0,0,9,0,,,,,,,,,,
621,0,0,0,0,0,0,,,,,,,,,,
622,1,1,5630,1,5724,1,,,,,,,,,,
623,0,0,0,0,0,0,,,,,,,,,,
624,0,0,0,0,0,0,,,,,,,,,,
625,0,0,0,0,0,0,,,,,,,,,,
626,0,0,0,0,0,0,,,,,,,,,,
627,0,0,3,0,98,0,,,,,,,,,,
628,0,0,0,0,0,0,,,,,,,,,,
629,1,1,1519,1,0,1,,,,,,,,,,
630,0,0,0,0,0,0,,,,,,,,,,
631,1,1,5908,1,5767,1,,,,,,,,,,
632,0,0,0,0,0,0,,,,,,,,,,
633,1,1,5384,1,5306,1,,,,,,,,,,
634,1,1,4446,1,5842,1,,,,,,,,,,
635,0,0,74,0,84,0,,,,,,,,,,
636,0,1,2518,1,0,1,,,,,,,,,,
637,0,0,0,0,0,0,,,,,,,,,,
638,0,0,0,0,0,0,,,,,,,,,,
639,1,1,3440,1,4412,1,,,,,,,,,,
640,1,1,343,1,277,1,,,,,,,,,,
641,0,0,0,0,0,0,,,,,,,,,,
642,1,1,4340,1,6238,1,,,,,,,,,,
643,0,0,0,0,0,0,,,,,,,,,,
644,1,1,2995,1,0,1,,,,,,,,,,
645,0,0,0,0,0,0,,,,,,,,,,
646,0,0,0,0,0,0,,,,,,,,,,
647,0,0,0,0,0,0,,,,,,,,,,
648,1,1,3177,1,5520,1,,,,,,,,,,
649,1,1,137,1,1519,1,,,,,,,,,,
650,1,1,10918,1,7316,1,,,,,,,,,,
651,1,1,9829,1,9427,1,,,,,,,,,,
652,1,1,1328,1,1467,1,,,,,,,,,,
653,0,0,0,0,0,0,,,,,,,,,,
654,0,0,0,0,0,0,,,,,,,,,,
655,0,1,0,1,0,1,,,,,,,,,,
656,1,1,1343,1,1691,1,,,,,,,,,,
657,1,1,8693,1,6484,1,,,,,,,,,,
658,0,0,0,0,0,0,,,,,,,,,,
659,1,1,3903,1,1891,1,,,,,,,,,,
660,0,0,0,0,0,0,,,,,,,,,,
661,0,0,0,0,0,0,,,,,,,,,,
662,1,1,8552,1,8615,1,,,,,,,,,,
663,1,0,9,0,6,0,,,,,,,,,,
664,1,1,8165,1,6358,1,,,,,,,,,,
665,1,1,3745,1,3111,1,,,,,,,,,,
666,0,1,103,1,73,1,,,,,,,,,,
667,0,0,0,0,0,0,,,,,,,,,,
668,0,0,0,0,43,0,,,,,,,,,,
669,0,0,0,0,0,0,,,,,,,,,,
670,1,0,3,0,0,0,,,,,,,,,,
671,0,0,0,0,0,0,,,,,,,,,,
672,0,0,0,0,0,0,,,,,,,,,,
673,0,0,0,0,0,0,,,,,,,,,,
674,0,0,0,0,0,0,,,,,,,,,,
675,0,0,0,0,0,0,,,,,,,,,,
676,0,0,0,0,0,0,,,,,,,,,,
677,0,0,0,0,0,0,,,,,,,,,,
678,0,0,0,0,0,0,,,,,,,,,,
679,0,0,0,0,0,0,,,,,,,,,,
680,1,1,6959,1,8699,1,,,,,,,,,,
681,1,1,8730,1,8759,1,,,,,,,,,,
682,0,0,0,0,0,0,,,,,,,,,,
683,0,0,0,0,0,0,,,,,,,,,,
684,1,1,2452,1,2870,1,,,,,,,,,,
685,1,1,3360,1,2719,1,,,,,,,,,,
686,0,0,0,0,20,0,,,,,,,,,,
687,0,1,0,1,0,1,,,,,,,,,,
688,0,0,0,0,0,0,,,,,,,,,,
689,1,1,5024,1,5727,1,,,,,,,,,,
690,0,0,0,0,0,0,,,,,,,,,,
691,0,0,0,0,0,0,,,,,,,,,,
692,1,1,18229,1,16616,1,,,,,,,,,,
693,0,0,0,0,0,0,,,,,,,,,,
694,0,0,0,0,0,0,,,,,,,,,,
695,1,1,5487,1,9870,1,,,,,,,,,,
696,1,1,2715,1,2475,1,,,,,,,,,,
697,1,1,6757,1,5168,1,,,,,,,,,,
698,0,0,0,0,0,0,,,,,,,,,,
699,1,1,3312,1,341,1,,,,,,,,,,
700,0,0,0,0,0,0,,,,,,,,,,
701,1,1,4146,1,4301,1,,,,,,,,,,
702,0,0,0,0,0,0,,,,,,,,,,
703,1,0,0,0,867,0,,,,,,,,,,
704,1,1,6456,1,7435,1,,,,,,,,,,
705,0,0,0,0,0,0,,,,,,,,,,
706,0,0,2,0,0,0,,,,,,,,,,
707,1,1,3758,1,4700,1,,,,,,,,,,
708,1,1,5899,1,8100,1,,,,,,,,,,
709,0,0,0,0,0,0,,,,,,,,,,
710,0,0,0,0,1,0,,,,,,,,,,
711,0,0,0,0,0,0,,,,,,,,,,
712,1,0,15,0,2355,0,,,,,,,,,,
713,1,1,6592,1,8029,1,,,,,,,,,,
714,0,0,0,0,0,0,,,,,,,,,,
715,0,0,0,0,0,0,,,,,,,,,,
716,0,0,0,0,0,0,,,,,,,,,,
717,0,0,0,0,0,0,,,,,,,,,,
718,0,0,0,0,0,0,,,,,,,,,,
719,0,0,0,0,0,0,,,,,,,,,,
720,0,0,0,0,0,0,,,,,,,,,,
721,0,0,0,0,0,0,,,,,,,,,,
722,0,0,0,0,0,0,,,,,,,,,,
723,0,0,0,0,0,0,,,,,,,,,,
724,1,1,24,1,1297,1,,,,,,,,,,
725,1,1,3673,1,4244,1,,,,,,,,,,
726,0,0,0,0,0,0,,,,,,,,,,
727,1,1,4896,1,4941,1,,,,,,,,,,
728,0,0,0,0,0,0,,,,,,,,,,
729,1,1,1278,1,842,1,,,,,,,,,,
730,0,0,0,0,0,0,,,,,,,,,,
731,0,0,35,0,22,0,,,,,,,,,,
732,0,0,0,0,0,0,,,,,,,,,,
733,0,0,0,0,0,0,,,,,,,,,,
734,1,1,6054,1,7521,1,,,,,,,,,,
735,0,0,0,0,0,0,,,,,,,,,,
736,0,1,7,1,0,1,,,,,,,,,,
737,0,0,0,0,0,0,,,,,,,,,,
738,1,1,4399,1,904,1,,,,,,,,,,
739,1,1,2341,1,2247,1,,,,,,,,,,
740,0,0,0,0,2,0,,,,,,,,,,
741,0,0,0,0,0,0,,,,,,,,,,
742,1,1,4169,1,3271,1,,,,,,,,,,
743,1,1,5875,1,4368,1,,,,,,,,,,
744,1,1,4017,1,1650,1,,,,,,,,,,
745,0,0,0,0,0,0,,,,,,,,,,
746,1,1,10241,1,9887,1,,,,,,,,,,
747,1,1,5421,1,5916,1,,,,,,,,,,
748,1,1,9700,1,7760,1,,,,,,,,,,
749,1,1,5997,1,5412,1,,,,,,,,,,
750,0,0,0,0,0,0,,,,,,,,,,
751,0,0,0,0,0,0,,,,,,,,,,
752,0,0,0,0,0,0,,,,,,,,,,
753,0,1,37,1,432,1,,,,,,,,,,
754,0,1,342,1,30,1,,,,,,,,,,
755,1,1,4391,1,2706,1,,,,,,,,,,
756,0,0,0,0,0,0,,,,,,,,,,
757,1,1,2501,1,2214,1,,,,,,,,,,
758,0,0,0,0,0,0,,,,,,,,,,
759,0,0,0,0,0,0,,,,,,,,,,
760,0,0,0,0,0,0,,,,,,,,,,
761,0,0,0,0,0,0,,,,,,,,,,
762,0,0,0,0,0,0,,,,,,,,,,
763,1,0,3604,0,2393,0,,,,,,,,,,
764,0,0,0,0,0,0,,,,,,,,,,
765,0,0,0,0,0,0,,,,,,,,,,
766,1,1,3492,1,187,1,,,,,,,,,,
767,1,1,2635,1,1573,1,,,,,,,,,,
768,0,0,0,0,0,0,,,,,,,,,,
769,0,0,0,0,0,0,,,,,,,,,,
770,0,0,0,0,0,0,,,,,,,,,,
771,0,0,0,0,0,0,,,,,,,,,,
772,1,1,5815,1,2269,1,,,,,,,,,,
773,1,1,6854,1,6169,1,,,,,,,,,,
774,1,1,6344,1,8305,1,,,,,,,,,,
775,0,0,0,0,0,0,,,,,,,,,,
776,0,0,0,0,0,0,,,,,,,,,,
777,0,0,0,0,0,0,,,,,,,,,,
778,0,0,601,0,4,0,,,,,,,,,,
779,0,0,0,0,0,0,,,,,,,,,,
780,0,0,0,0,0,0,,,,,,,,,,
781,0,0,0,0,0,0,,,,,,,,,,
782,0,0,0,0,0,0,,,,,,,,,,
783,0,0,0,0,0,0,,,,,,,,,,
784,0,0,0,0,0,0,,,,,,,,,,
785,0,0,0,0,0,0,,,,,,,,,,
786,0,0,3,0,65,0,,,,,,,,,,
787,0,0,0,0,10,0,,,,,,,,,,
788,0,0,0,0,0,0,,,,,,,,,,
789,1,1,2635,1,3602,1,,,,,,,,,,
790,0,0,0,0,0,0,,,,,,,,,,
791,1,1,7107,1,7855,1,,,,,,,,,,
792,1,1,3362,1,2768,1,,,,,,,,,,
793,1,1,7117,1,8440,1,,,,,,,,,,
794,0,0,0,0,0,0,,,,,,,,,,
795,1,0,0,0,5,0,,,,,,,,,,
796,0,0,0,0,0,0,,,,,,,,,,
797,0,0,0,0,0,0,,,,,,,,,,
798,0,0,0,0,0,0,,,,,,,,,,
799,1,1,5461,1,3,1,,,,,,,,,,
800,0,0,0,0,0,0,,,,,,,,,,
801,1,0,511,0,2372,0,,,,,,,,,,
802,0,0,0,0,0,0,,,,,,,,,,
803,0,0,0,0,0,0,,,,,,,,,,
804,0,0,0,0,97,0,,,,,,,,,,
805,1,0,303,0,0,0,,,,,,,,,,
806,1,1,4562,1,4609,1,,,,,,,,,,
807,0,0,0,0,0,0,,,,,,,,,,
808,1,1,2256,1,7140,1,,,,,,,,,,
809,1,1,6928,1,6485,1,,,,,,,,,,
810,0,0,0,0,0,0,,,,,,,,,,
811,1,1,5746,1,5089,1,,,,,,,,,,
812,0,0,0,0,0,0,,,,,,,,,,
813,1,1,7909,1,7234,1,,,,,,,,,,
814,0,0,0,0,0,0,,,,,,,,,,
815,1,1,447,1,455,1,,,,,,,,,,
816,1,1,6738,1,4665,1,,,,,,,,,,
817,0,0,0,0,0,0,,,,,,,,,,
818,1,1,9710,1,7207,1,,,,,,,,,,
819,0,0,0,0,0,0,,,,,,,,,,
820,0,0,0,0,0,0,,,,,,,,,,
821,0,0,0,0,0,0,,,,,,,,,,
822,0,0,0,0,0,0,,,,,,,,,,
823,1,0,0,0,0,0,,,,,,,,,,
824,1,1,5745,1,5801,1,,,,,,,,,,
825,1,1,2225,1,133,1,,,,,,,,,,
826,1,1,9437,1,9071,1,,,,,,,,,,
827,0,0,0,0,0,0,,,,,,,,,,
828,1,1,8633,1,9496,1,,,,,,,,,,
829,0,0,0,0,0,0,,,,,,,,,,
830,0,0,0,0,0,0,,,,,,,,,,
831,1,0,12,0,140,0,,,,,,,,,,
832,1,1,1559,1,2171,1,,,,,,,,,,
833,0,0,0,0,0,0,,,,,,,,,,
834,1,0,562,0,29,0,,,,,,,,,,
835,0,0,0,0,0,0,,,,,,,,,,
836,0,0,0,0,0,0,,,,,,,,,,
837,1,1,3356,1,2958,1,,,,,,,,,,
838,1,0,2994,0,901,0,,,,,,,,,,
839,0,1,0,1,0,1,,,,,,,,,,
840,1,0,222,0,1683,0,,,,,,,,,,
841,0,0,0,0,0,0,,,,,,,,,,
842,0,0,0,0,0,0,,,,,,,,,,
843,0,0,0,0,0,0,,,,,,,,,,
844,1,0,1418,0,783,0,,,,,,,,,,
845,0,0,0,0,0,0,,,,,,,,,,
846,0,0,0,0,0,0,,,,,,,,,,
847,0,0,0,0,0,0,,,,,,,,,,
848,0,0,0,0,0,0,,,,,,,,,,
849,1,1,465,1,324,1,,,,,,,,,,
850,0,0,0,0,0,0,,,,,,,,,,
851,0,0,0,0,0,0,,,,,,,,,,
852,1,1,6637,1,8295,1,,,,,,,,,,
853,0,0,0,0,0,0,,,,,,,,,,
854,1,1,2661,1,3755,1,,,,,,,,,,
855,0,0,0,0,113,0,,,,,,,,,,
856,1,1,7903,1,10266,1,,,,,,,,,,
857,0,0,0,0,0,0,,,,,,,,,,
858,1,1,6364,1,8334,1,,,,,,,,,,
859,1,0,6533,0,577,0,,,,,,,,,,
860,1,1,6216,1,6133,1,,,,,,,,,,
861,1,1,7242,1,6566,1,,,,,,,,,,
862,1,1,9202,1,1665,1,,,,,,,,,,
863,0,0,0,0,0,0,,,,,,,,,,
864,1,1,3646,1,5956,1,,,,,,,,,,
865,0,0,0,0,0,0,,,,,,,,,,
866,0,0,0,0,0,0,,,,,,,,,,
867,1,1,12654,1,12825,1,,,,,,,,,,
868,1,1,3689,1,2702,1,,,,,,,,,,
869,0,1,95,1,94,1,,,,,,,,,,
870,1,1,2868,1,459,1,,,,,,,,,,
871,0,0,0,0,0,0,,,,,,,,,,
872,0,0,0,0,0,0,,,,,,,,,,
873,0,0,0,0,0,0,,,,,,,,,,
874,1,1,2954,1,1609,1,,,,,,,,,,
875,1,1,763,1,767,1,,,,,,,,,,
876,0,0,0,0,0,0,,,,,,,,,,
877,1,0,550,0,2630,0,,,,,,,,,,
878,1,1,2505,1,1174,1,,,,,,,,,,
879,0,0,0,0,0,0,,,,,,,,,,
880,0,1,4925,1,4931,1,,,,,,,,,,
881,1,1,5926,1,3058,1,,,,,,,,,,
882,0,0,0,0,0,0,,,,,,,,,,
883,1,1,4849,1,5332,1,,,,,,,,,,
884,1,1,9155,1,8844,1,,,,,,,,,,
885,1,1,6929,1,7696,1,,,,,,,,,,
886,1,0,3194,0,1113,0,,,,,,,,,,
887,1,0,102,0,1493,0,,,,,,,,,,
888,1,1,9404,1,9265,1,,,,,,,,,,
889,1,0,5645,0,157,0,,,,,,,,,,
890,0,0,0,0,0,0,,,,,,,,,,
891,1,1,9756,1,7089,1,,,,,,,,,,
892,0,0,1338,0,274,0,,,,,,,,,,
893,0,0,0,0,0,0,,,,,,,,,,
894,0,1,1688,1,855,1,,,,,,,,,,
895,0,0,0,0,0,0,,,,,,,,,,
896,0,0,0,0,0,0,,,,,,,,,,
897,0,0,0,0,0,0,,,,,,,,,,
898,1,1,4444,1,1460,1,,,,,,,,,,
899,0,0,0,0,0,0,,,,,,,,,,
900,0,0,0,0,0,0,,,,,,,,,,
901,0,0,0,0,0,0,,,,,,,,,,
902,1,1,6199,1,5380,1,,,,,,,,,,
903,0,0,0,0,0,0,,,,,,,,,,
904,1,1,2289,1,1449,1,,,,,,,,,,
905,0,0,0,0,0,0,,,,,,,,,,
906,0,0,0,0,0,0,,,,,,,,,,
907,0,0,0,0,0,0,,,,,,,,,,
908,0,0,0,0,0,0,,,,,,,,,,
909,0,0,0,0,0,0,,,,,,,,,,
910,1,1,3364,1,0,1,,,,,,,,,,
911,1,1,7776,1,8340,1,,,,,,,,,,
912,0,1,8946,1,6272,1,,,,,,,,,,
913,1,1,13179,1,11636,1,,,,,,,,,,
914,0,1,2498,1,184,1,,,,,,,,,,
915,1,1,6571,1,3893,1,,,,,,,,,,
916,1,0,0,0,0,0,,,,,,,,,,
917,0,1,5701,1,2744,1,,,,,,,,,,
918,0,0,0,0,0,0,,,,,,,,,,
919,0,0,0,0,0,0,,,,,,,,,,
920,0,0,0,0,0,0,,,,,,,,,,
921,0,0,7,0,477,0,,,,,,,,,,
922,0,1,524,1,524,1,,,,,,,,,,
923,0,0,0,0,0,0,,,,,,,,,,
924,1,0,75,0,529,0,,,,,,,,,,
925,0,0,0,0,0,0,,,,,,,,,,
926,0,0,0,0,0,0,,,,,,,,,,
927,0,0,0,0,0,0,,,,,,,,,,
928,0,1,41,1,41,1,,,,,,,,,,
929,1,1,2643,1,1558,1,,,,,,,,,,
930,1,1,10604,1,9502,1,,,,,,,,,,
931,0,0,0,0,0,0,,,,,,,,,,
932,1,0,0,0,1664,0,,,,,,,,,,
933,1,0,5360,0,663,0,,,,,,,,,,
934,0,0,0,0,0,0,,,,,,,,,,
935,0,0,0,0,0,0,,,,,,,,,,
936,0,0,0,0,0,0,,,,,,,,,,
937,0,0,0,0,0,0,,,,,,,,,,
938,0,0,0,0,0,0,,,,,,,,,,
939,1,0,73,0,395,0,,,,,,,,,,
940,0,0,0,0,0,0,,,,,,,,,,
941,1,1,11288,1,7357,1,,,,,,,,,,
942,1,0,1,0,3871,0,,,,,,,,,,
943,0,0,0,0,43,0,,,,,,,,,,
944,1,1,8140,1,6490,1,,,,,,,,,,
945,0,0,0,0,0,0,,,,,,,,,,
946,1,1,3022,1,3287,1,,,,,,,,,,
947,0,0,0,0,271,0,,,,,,,,,,
948,0,0,0,0,56,0,,,,,,,,,,
949,0,0,0,0,0,0,,,,,,,,,,
950,0,0,0,0,0,0,,,,,,,,,,
951,1,0,46,0,2250,0,,,,,,,,,,
952,1,0,484,0,2,0,,,,,,,,,,
953,1,0,41,0,0,0,,,,,,,,,,
954,0,0,7,0,68,0,,,,,,,,,,
955,1,1,4686,1,3326,1,,,,,,,,,,
956,1,1,6719,1,7322,1,,,,,,,,,,
957,1,1,1306,1,1,1,,,,,,,,,,
958,0,0,0,0,0,0,,,,,,,,,,
959,0,0,49,0,1407,0,,,,,,,,,,
960,0,0,0,0,0,0,,,,,,,,,,
961,1,1,4102,1,2933,1,,,,,,,,,,
962,1,1,3391,1,3717,1,,,,,,,,,,
963,1,0,59,0,184,0,,,,,,,,,,
964,0,0,0,0,4,0,,,,,,,,,,
965,0,1,231,1,89,1,,,,,,,,,,
966,0,0,0,0,0,0,,,,,,,,,,
967,1,0,361,0,2772,0,,,,,,,,,,
968,0,0,0,0,0,0,,,,,,,,,,
969,1,1,8876,1,7623,1,,,,,,,,,,
970,0,0,27,0,27,0,,,,,,,,,,
971,1,1,5956,1,5632,1,,,,,,,,,,
972,1,1,5689,1,6471,1,,,,,,,,,,
973,0,0,0,0,0,0,,,,,,,,,,
974,1,1,10158,1,4779,1,,,,,,,,,,
975,0,0,0,0,0,0,,,,,,,,,,
976,1,1,4024,1,5706,1,,,,,,,,,,
977,0,0,0,0,0,0,,,,,,,,,,
978,0,0,0,0,0,0,,,,,,,,,,
979,1,1,3950,1,3046,1,,,,,,,,,,
980,1,1,4715,1,3138,1,,,,,,,,,,
981,0,0,7,0,9,0,,,,,,,,,,
982,1,1,5448,1,3424,1,,,,,,,,,,
983,1,1,18,1,17,1,,,,,,,,,,
984,1,1,8644,1,8122,1,,,,,,,,,,
985,0,0,0,0,0,0,,,,,,,,,,
986,0,1,876,1,777,1,,,,,,,,,,
987,1,1,5013,1,5469,1,,,,,,,,,,
988,1,1,10479,1,9054,1,,,,,,,,,,
989,0,0,0,0,0,0,,,,,,,,,,
990,1,0,5177,0,4697,0,,,,,,,,,,
991,1,1,8574,1,9301,1,,,,,,,,,,
992,1,1,724,1,250,1,,,,,,,,,,
993,0,0,0,0,0,0,,,,,,,,,,
994,1,1,11,1,0,1,,,,,,,,,,
995,0,0,0,0,0,0,,,,,,,,,,
996,1,0,1197,0,1469,0,,,,,,,,,,
997,0,0,0,0,0,0,,,,,,,,,,
998,0,1,144,1,194,1,,,,,,,,,,
999,1,1,3387,1,4022,1,,,,,,,,,,
